actor_id,has_target,country_id
AD-02,False,AD
AD-03,False,AD
AD-04,False,AD
AD-05,False,AD
AD-06,False,AD
AD-07,False,AD
AD-08,False,AD
AE-AJ,False,AE
AE-AZ,False,AE
AE-DU,False,AE
AE-FU,False,AE
AE-RK,False,AE
AE-SH,False,AE
AE-UQ,False,AE
AF,False,AF
AF-BAL,False,AF
AF-BAM,False,AF
AF-BDG,False,AF
AF-BDS,False,AF
AF-BGL,False,AF
AF-DAY,False,AF
AF-FRA,False,AF
AF-FYB,False,AF
AF-GHA,False,AF
AF-GHO,False,AF
AF-HEL,False,AF
AF-HER,False,AF
AF-JOW,False,AF
AF-KAB,False,AF
AF-KAN,False,AF
AF-KAP,False,AF
AF-KDZ,False,AF
AF-KHO,False,AF
AF-KNR,False,AF
AF-LAG,False,AF
AF-LOG,False,AF
AF-NAN,False,AF
AF-NIM,False,AF
AF-NUR,False,AF
AF-PAN,False,AF
AF-PAR,False,AF
AF-PIA,False,AF
AF-PKA,False,AF
AF-SAM,False,AF
AF-SAR,False,AF
AF-TAK,False,AF
AF-URU,False,AF
AF-WAR,False,AF
AF-ZAB,False,AF
AG-03,False,AG
AG-04,False,AG
AG-05,False,AG
AG-06,False,AG
AG-07,False,AG
AG-08,False,AG
AG-10,False,AG
AG-11,False,AG
AL,False,AL
AL-01,False,AL
AL-02,False,AL
AL-03,False,AL
AL-04,False,AL
AL-05,False,AL
AL-06,False,AL
AL-07,False,AL
AL-08,False,AL
AL-09,False,AL
AL-10,False,AL
AL-11,False,AL
AL-12,False,AL
AM-AG,False,AM
AM-AR,False,AM
AM-AV,False,AM
AM-ER,False,AM
AM-GR,False,AM
AM-KT,False,AM
AM-LO,False,AM
AM-SH,False,AM
AM-SU,False,AM
AM-TV,False,AM
AM-VD,False,AM
AO-BGO,False,AO
AO-BGU,False,AO
AO-BIE,False,AO
AO-CAB,False,AO
AO-CCU,False,AO
AO-CNN,False,AO
AO-CNO,False,AO
AO-CUS,False,AO
AO-HUA,False,AO
AO-HUI,False,AO
AO-LNO,False,AO
AO-LSU,False,AO
AO-LUA,False,AO
AO-MAL,False,AO
AO-MOX,False,AO
AO-NAM,False,AO
AO-UIG,False,AO
AO-ZAI,False,AO
AR,True,AR
AR-A,False,AR
AR-B,False,AR
AR-C,False,AR
AR-D,False,AR
AR-E,False,AR
AR-F,False,AR
AR-G,False,AR
AR-H,False,AR
AR-J,False,AR
AR-K,False,AR
AR-L,False,AR
AR-M,False,AR
AR-N,False,AR
AR-P,False,AR
AR-Q,False,AR
AR-R,False,AR
AR-S,False,AR
AR-T,False,AR
AR-U,False,AR
AR-V,False,AR
AR-W,False,AR
AR-X,False,AR
AR-Y,False,AR
AR-Z,False,AR
AT-1,False,AT
AT-2,False,AT
AT-3,False,AT
AT-4,False,AT
AT-5,False,AT
AT-6,False,AT
AT-7,False,AT
AT-8,False,AT
AT-9,False,AT
AU,True,AU
AU-ACT,False,AU
AU-NSW,True,AU
AU-NT,False,AU
AU-QLD,True,AU
AU-SA,True,AU
AU-TAS,False,AU
AU-VIC,False,AU
AU-WA,False,AU
AZ,True,AZ
AZ-ABS,False,AZ
AZ-AGA,False,AZ
AZ-AGC,False,AZ
AZ-AGM,False,AZ
AZ-AGS,False,AZ
AZ-AGU,False,AZ
AZ-AST,False,AZ
AZ-BA,False,AZ
AZ-BAL,False,AZ
AZ-BAR,False,AZ
AZ-BEY,False,AZ
AZ-BIL,False,AZ
AZ-CAB,False,AZ
AZ-CAL,False,AZ
AZ-DAS,False,AZ
AZ-FUZ,False,AZ
AZ-GA,False,AZ
AZ-GAD,False,AZ
AZ-GOR,False,AZ
AZ-GOY,False,AZ
AZ-GYG,False,AZ
AZ-HAC,False,AZ
AZ-IMI,False,AZ
AZ-ISM,False,AZ
AZ-KAL,False,AZ
AZ-KUR,False,AZ
AZ-LA,False,AZ
AZ-LAC,False,AZ
AZ-LAN,False,AZ
AZ-LER,False,AZ
AZ-MAS,False,AZ
AZ-MI,False,AZ
AZ-NA,False,AZ
AZ-NEF,False,AZ
AZ-NX,False,AZ
AZ-OGU,False,AZ
AZ-QAB,False,AZ
AZ-QAX,False,AZ
AZ-QAZ,False,AZ
AZ-QBA,False,AZ
AZ-QBI,False,AZ
AZ-QOB,False,AZ
AZ-QUS,False,AZ
AZ-SA,False,AZ
AZ-SAB,False,AZ
AZ-SAK,False,AZ
AZ-SAL,False,AZ
AZ-SAT,False,AZ
AZ-SBN,False,AZ
AZ-SIY,False,AZ
AZ-SKR,False,AZ
AZ-SM,False,AZ
AZ-SMI,False,AZ
AZ-SMX,False,AZ
AZ-SR,False,AZ
AZ-SUS,False,AZ
AZ-TAR,False,AZ
AZ-TOV,False,AZ
AZ-UCA,False,AZ
AZ-XA,False,AZ
AZ-XAC,False,AZ
AZ-XCI,False,AZ
AZ-XIZ,False,AZ
AZ-XVD,False,AZ
AZ-YAR,False,AZ
AZ-YE,False,AZ
AZ-YEV,False,AZ
AZ-ZAN,False,AZ
AZ-ZAQ,False,AZ
AZ-ZAR,False,AZ
BA-BIH,False,BA
BA-BRC,False,BA
BA-SRP,False,BA
BB,True,BB
BB-01,False,BB
BB-02,False,BB
BB-03,False,BB
BB-04,False,BB
BB-05,False,BB
BB-06,False,BB
BB-07,False,BB
BB-08,False,BB
BB-09,False,BB
BB-10,False,BB
BB-11,False,BB
BD-A,False,BD
BD-B,False,BD
BD-C,False,BD
BD-D,False,BD
BD-E,False,BD
BD-F,False,BD
BD-G,False,BD
BD-H,False,BD
BE,True,BE
BE-BRU,False,BE
BE-VLG,False,BE
BE-WAL,False,BE
BF,False,BF
BF-01,False,BF
BF-02,False,BF
BF-03,False,BF
BF-04,False,BF
BF-05,False,BF
BF-06,False,BF
BF-07,False,BF
BF-08,False,BF
BF-09,False,BF
BF-10,False,BF
BF-11,False,BF
BF-12,False,BF
BF-13,False,BF
BG,True,BG
BG-01,False,BG
BG-02,False,BG
BG-03,False,BG
BG-04,False,BG
BG-05,False,BG
BG-06,False,BG
BG-07,False,BG
BG-08,False,BG
BG-09,False,BG
BG-10,False,BG
BG-11,False,BG
BG-12,False,BG
BG-13,False,BG
BG-14,False,BG
BG-15,False,BG
BG-16,False,BG
BG-17,False,BG
BG-18,False,BG
BG-19,False,BG
BG-20,False,BG
BG-21,False,BG
BG-22,False,BG
BG-23,False,BG
BG-24,False,BG
BG-25,False,BG
BG-26,False,BG
BG-27,False,BG
BG-28,False,BG
BH-13,False,BH
BH-14,False,BH
BH-15,False,BH
BH-17,False,BH
BI-BB,False,BI
BI-BL,False,BI
BI-BM,False,BI
BI-BR,False,BI
BI-CA,False,BI
BI-CI,False,BI
BI-GI,False,BI
BI-KI,False,BI
BI-KR,False,BI
BI-KY,False,BI
BI-MA,False,BI
BI-MU,False,BI
BI-MW,False,BI
BI-MY,False,BI
BI-NG,False,BI
BI-RM,False,BI
BI-RT,False,BI
BI-RY,False,BI
BJ-AK,False,BJ
BJ-AL,False,BJ
BJ-AQ,False,BJ
BJ-BO,False,BJ
BJ-CO,False,BJ
BJ-DO,False,BJ
BJ-KO,False,BJ
BJ-LI,False,BJ
BJ-MO,False,BJ
BJ-OU,False,BJ
BJ-PL,False,BJ
BJ-ZO,False,BJ
BN,False,BN
BN-BE,False,BN
BN-BM,False,BN
BN-TE,False,BN
BN-TU,False,BN
BO,False,BO
BO-B,False,BO
BO-C,False,BO
BO-H,False,BO
BO-L,False,BO
BO-N,False,BO
BO-O,False,BO
BO-P,False,BO
BO-S,False,BO
BO-T,False,BO
BQ,False,BQ
BQ-BO,False,BQ
BQ-SA,False,BQ
BQ-SE,False,BQ
BR,True,BR
BR-AC,False,BR
BR-AL,False,BR
BR-AM,False,BR
BR-AP,False,BR
BR-BA,False,BR
BR-CE,False,BR
BR-DF,False,BR
BR-ES,False,BR
BR-GO,False,BR
BR-MA,False,BR
BR-MG,False,BR
BR-MS,False,BR
BR-MT,False,BR
BR-PA,False,BR
BR-PB,False,BR
BR-PE,False,BR
BR-PI,False,BR
BR-PR,False,BR
BR-RJ,False,BR
BR-RN,False,BR
BR-RO,False,BR
BR-RR,False,BR
BR-RS,False,BR
BR-SC,False,BR
BR-SE,False,BR
BR-SP,False,BR
BR-TO,False,BR
BS,False,BS
BS-AK,False,BS
BS-BI,False,BS
BS-BP,False,BS
BS-BY,False,BS
BS-CE,False,BS
BS-CI,False,BS
BS-CK,False,BS
BS-CO,False,BS
BS-CS,False,BS
BS-EG,False,BS
BS-EX,False,BS
BS-FP,False,BS
BS-GC,False,BS
BS-HI,False,BS
BS-HT,False,BS
BS-IN,False,BS
BS-LI,False,BS
BS-MC,False,BS
BS-MG,False,BS
BS-MI,False,BS
BS-NE,False,BS
BS-NO,False,BS
BS-NP,False,BS
BS-NS,False,BS
BS-RC,False,BS
BS-RI,False,BS
BS-SA,False,BS
BS-SE,False,BS
BS-SO,False,BS
BS-SS,False,BS
BS-SW,False,BS
BS-WG,False,BS
BT,False,BT
BT-11,False,BT
BT-12,False,BT
BT-13,False,BT
BT-14,False,BT
BT-15,False,BT
BT-21,False,BT
BT-22,False,BT
BT-23,False,BT
BT-24,False,BT
BT-31,False,BT
BT-32,False,BT
BT-33,False,BT
BT-34,False,BT
BT-41,False,BT
BT-42,False,BT
BT-43,False,BT
BT-44,False,BT
BT-45,False,BT
BT-GA,False,BT
BT-TY,False,BT
BW,True,BW
BW-CE,False,BW
BW-CH,False,BW
BW-FR,False,BW
BW-GA,False,BW
BW-GH,False,BW
BW-JW,False,BW
BW-KG,False,BW
BW-KL,False,BW
BW-KW,False,BW
BW-LO,False,BW
BW-NE,False,BW
BW-NW,False,BW
BW-SE,False,BW
BW-SO,False,BW
BW-SP,False,BW
BW-ST,False,BW
BY-BR,False,BY
BY-HM,False,BY
BY-HO,False,BY
BY-HR,False,BY
BY-MA,False,BY
BY-MI,False,BY
BY-VI,False,BY
BZ,False,BZ
BZ-BZ,False,BZ
BZ-CY,False,BZ
BZ-CZL,False,BZ
BZ-OW,False,BZ
BZ-SC,False,BZ
BZ-TOL,False,BZ
CA-AB,False,CA
CA-BC,True,CA
CA-MB,True,CA
CA-NB,True,CA
CA-NL,True,CA
CA-NS,True,CA
CA-NT,True,CA
CA-NU,False,CA
CA-ON,True,CA
CA-PE,True,CA
CA-QC,True,CA
CA-SK,False,CA
CA-YT,True,CA
CD,True,CD
CD-BC,False,CD
CD-BU,False,CD
CD-EQ,False,CD
CD-HK,False,CD
CD-HL,False,CD
CD-HU,False,CD
CD-IT,False,CD
CD-KC,False,CD
CD-KE,False,CD
CD-KG,False,CD
CD-KL,False,CD
CD-KN,False,CD
CD-KS,False,CD
CD-LO,False,CD
CD-LU,False,CD
CD-MA,False,CD
CD-MN,False,CD
CD-MO,False,CD
CD-NK,False,CD
CD-NU,False,CD
CD-SA,False,CD
CD-SK,False,CD
CD-SU,False,CD
CD-TA,False,CD
CD-TO,False,CD
CD-TU,False,CD
CF,False,CF
CF-AC,False,CF
CF-BB,False,CF
CF-BGF,False,CF
CF-BK,False,CF
CF-HK,False,CF
CF-HM,False,CF
CF-HS,False,CF
CF-KB,False,CF
CF-KG,False,CF
CF-LB,False,CF
CF-MB,False,CF
CF-MP,False,CF
CF-NM,False,CF
CF-OP,False,CF
CF-SE,False,CF
CF-UK,False,CF
CF-VK,False,CF
CG,True,CG
CG-11,False,CG
CG-12,False,CG
CG-13,False,CG
CG-14,False,CG
CG-15,False,CG
CG-16,False,CG
CG-2,False,CG
CG-5,False,CG
CG-7,False,CG
CG-8,False,CG
CG-9,False,CG
CG-BZV,False,CG
CH-AG,False,CH
CH-AI,False,CH
CH-AR,False,CH
CH-BE,False,CH
CH-BL,False,CH
CH-BS,False,CH
CH-FR,False,CH
CH-GE,False,CH
CH-GL,False,CH
CH-GR,False,CH
CH-JU,False,CH
CH-LU,False,CH
CH-NE,False,CH
CH-NW,False,CH
CH-OW,False,CH
CH-SG,False,CH
CH-SH,False,CH
CH-SO,False,CH
CH-SZ,False,CH
CH-TG,False,CH
CH-TI,False,CH
CH-UR,False,CH
CH-VD,False,CH
CH-VS,False,CH
CH-ZG,False,CH
CH-ZH,False,CH
CI-AB,False,CI
CI-BS,False,CI
CI-CM,False,CI
CI-DN,False,CI
CI-GD,False,CI
CI-LC,False,CI
CI-LG,False,CI
CI-MG,False,CI
CI-SM,False,CI
CI-SV,False,CI
CI-VB,False,CI
CI-WR,False,CI
CI-YM,False,CI
CI-ZZ,False,CI
CL-AI,False,CL
CL-AN,False,CL
CL-AP,False,CL
CL-AR,False,CL
CL-AT,False,CL
CL-BI,False,CL
CL-CO,False,CL
CL-LI,False,CL
CL-LL,False,CL
CL-LR,False,CL
CL-MA,False,CL
CL-ML,False,CL
CL-NB,False,CL
CL-RM,False,CL
CL-TA,False,CL
CL-VS,False,CL
CM,True,CM
CM-AD,False,CM
CM-CE,False,CM
CM-EN,False,CM
CM-ES,False,CM
CM-LT,False,CM
CM-NO,False,CM
CM-NW,False,CM
CM-OU,False,CM
CM-SU,False,CM
CM-SW,False,CM
CN-AH,False,CN
CN-BJ,False,CN
CN-CQ,False,CN
CN-FJ,False,CN
CN-GD,False,CN
CN-GS,False,CN
CN-GX,False,CN
CN-GZ,False,CN
CN-HA,False,CN
CN-HB,False,CN
CN-HE,False,CN
CN-HI,False,CN
CN-HK,False,CN
CN-HL,False,CN
CN-HN,False,CN
CN-JL,False,CN
CN-JS,False,CN
CN-JX,False,CN
CN-LN,False,CN
CN-MO,False,CN
CN-NM,False,CN
CN-NX,False,CN
CN-QH,False,CN
CN-SC,False,CN
CN-SD,False,CN
CN-SH,False,CN
CN-SN,False,CN
CN-SX,False,CN
CN-TJ,False,CN
CN-TW,False,CN
CN-XJ,False,CN
CN-XZ,False,CN
CN-YN,False,CN
CN-ZJ,False,CN
CO,True,CO
CO-AMA,False,CO
CO-ANT,False,CO
CO-ARA,False,CO
CO-ATL,False,CO
CO-BOL,False,CO
CO-BOY,False,CO
CO-CAL,False,CO
CO-CAQ,False,CO
CO-CAS,False,CO
CO-CAU,False,CO
CO-CES,False,CO
CO-CHO,False,CO
CO-COR,False,CO
CO-CUN,False,CO
CO-DC,False,CO
CO-GUA,False,CO
CO-GUV,False,CO
CO-HUI,False,CO
CO-LAG,False,CO
CO-MAG,False,CO
CO-MET,False,CO
CO-NAR,False,CO
CO-NSA,False,CO
CO-PUT,False,CO
CO-QUI,False,CO
CO-RIS,False,CO
CO-SAN,False,CO
CO-SAP,False,CO
CO-SUC,False,CO
CO-TOL,False,CO
CO-VAC,False,CO
CO-VAU,False,CO
CO-VID,False,CO
CR-A,False,CR
CR-C,False,CR
CR-G,False,CR
CR-H,False,CR
CR-L,False,CR
CR-P,False,CR
CR-SJ,False,CR
CU,False,CU
CU-01,False,CU
CU-03,False,CU
CU-04,False,CU
CU-05,False,CU
CU-06,False,CU
CU-07,False,CU
CU-08,False,CU
CU-09,False,CU
CU-10,False,CU
CU-11,False,CU
CU-12,False,CU
CU-13,False,CU
CU-14,False,CU
CU-15,False,CU
CU-16,False,CU
CU-99,False,CU
CV-B,False,CV
CV-S,False,CV
CY,True,CY
CY-01,False,CY
CY-02,False,CY
CY-03,False,CY
CY-04,False,CY
CY-05,False,CY
CY-06,False,CY
CZ,True,CZ
CZ-10,False,CZ
CZ-20,False,CZ
CZ-31,False,CZ
CZ-32,False,CZ
CZ-41,False,CZ
CZ-42,False,CZ
CZ-51,False,CZ
CZ-52,False,CZ
CZ-53,False,CZ
CZ-63,False,CZ
CZ-64,False,CZ
CZ-71,False,CZ
CZ-72,False,CZ
CZ-80,False,CZ
DE-BB,False,DE
DE-BE,True,DE
DE-BW,True,DE
DE-BY,True,DE
DE-HB,False,DE
DE-HE,False,DE
DE-HH,True,DE
DE-MV,False,DE
DE-NI,False,DE
DE-NW,True,DE
DE-RP,False,DE
DE-SH,False,DE
DE-SL,False,DE
DE-SN,False,DE
DE-ST,False,DE
DE-TH,True,DE
DJ,True,DJ
DJ-AR,False,DJ
DJ-AS,False,DJ
DJ-DI,False,DJ
DJ-DJ,False,DJ
DJ-OB,False,DJ
DJ-TA,False,DJ
DK-81,False,DK
DK-82,False,DK
DK-83,False,DK
DK-84,False,DK
DK-85,False,DK
DM,True,DM
DM-02,False,DM
DM-03,False,DM
DM-04,False,DM
DM-05,False,DM
DM-06,False,DM
DM-07,False,DM
DM-08,False,DM
DM-09,False,DM
DM-10,False,DM
DM-11,False,DM
DO,False,DO
DO-33,False,DO
DO-34,False,DO
DO-35,False,DO
DO-36,False,DO
DO-37,False,DO
DO-38,False,DO
DO-39,False,DO
DO-40,False,DO
DO-41,False,DO
DO-42,False,DO
DZ-01,False,DZ
DZ-02,False,DZ
DZ-03,False,DZ
DZ-04,False,DZ
DZ-05,False,DZ
DZ-06,False,DZ
DZ-07,False,DZ
DZ-08,False,DZ
DZ-09,False,DZ
DZ-10,False,DZ
DZ-11,False,DZ
DZ-12,False,DZ
DZ-13,False,DZ
DZ-14,False,DZ
DZ-15,False,DZ
DZ-16,False,DZ
DZ-17,False,DZ
DZ-18,False,DZ
DZ-19,False,DZ
DZ-20,False,DZ
DZ-21,False,DZ
DZ-22,False,DZ
DZ-23,False,DZ
DZ-24,False,DZ
DZ-25,False,DZ
DZ-26,False,DZ
DZ-27,False,DZ
DZ-28,False,DZ
DZ-29,False,DZ
DZ-30,False,DZ
DZ-31,False,DZ
DZ-32,False,DZ
DZ-33,False,DZ
DZ-34,False,DZ
DZ-35,False,DZ
DZ-36,False,DZ
DZ-37,False,DZ
DZ-38,False,DZ
DZ-39,False,DZ
DZ-40,False,DZ
DZ-41,False,DZ
DZ-42,False,DZ
DZ-43,False,DZ
DZ-44,False,DZ
DZ-45,False,DZ
DZ-46,False,DZ
DZ-47,False,DZ
DZ-48,False,DZ
EC-A,False,EC
EC-B,False,EC
EC-C,False,EC
EC-D,False,EC
EC-E,False,EC
EC-F,False,EC
EC-G,False,EC
EC-H,False,EC
EC-I,False,EC
EC-L,False,EC
EC-M,False,EC
EC-N,False,EC
EC-O,False,EC
EC-P,False,EC
EC-R,False,EC
EC-S,False,EC
EC-SD,False,EC
EC-SE,False,EC
EC-T,False,EC
EC-U,False,EC
EC-W,False,EC
EC-X,False,EC
EC-Y,False,EC
EC-Z,False,EC
EE-37,False,EE
EE-39,False,EE
EE-45,False,EE
EE-50,False,EE
EE-52,False,EE
EE-56,False,EE
EE-60,False,EE
EE-64,False,EE
EE-68,False,EE
EE-71,False,EE
EE-74,False,EE
EE-79,False,EE
EE-81,False,EE
EE-84,False,EE
EE-87,False,EE
EG,False,EG
EG-ALX,False,EG
EG-ASN,False,EG
EG-AST,False,EG
EG-BA,False,EG
EG-BH,False,EG
EG-BNS,False,EG
EG-C,False,EG
EG-DK,False,EG
EG-DT,False,EG
EG-FYM,False,EG
EG-GH,False,EG
EG-GZ,False,EG
EG-IS,False,EG
EG-JS,False,EG
EG-KB,False,EG
EG-KFS,False,EG
EG-KN,False,EG
EG-LX,False,EG
EG-MN,False,EG
EG-MNF,False,EG
EG-MT,False,EG
EG-PTS,False,EG
EG-SHG,False,EG
EG-SHR,False,EG
EG-SIN,False,EG
EG-SUZ,False,EG
EG-WAD,False,EG
ER,False,ER
ER-AN,False,ER
ER-DK,False,ER
ER-DU,False,ER
ER-GB,False,ER
ER-MA,False,ER
ER-SK,False,ER
ES,True,ES
ES-AN,False,ES
ES-AR,True,ES
ES-AS,False,ES
ES-CB,False,ES
ES-CE,False,ES
ES-CL,False,ES
ES-CM,True,ES
ES-CN,True,ES
ES-CT,True,ES
ES-EX,False,ES
ES-GA,False,ES
ES-IB,False,ES
ES-MC,True,ES
ES-MD,True,ES
ES-ML,False,ES
ES-NC,True,ES
ES-PV,True,ES
ES-RI,False,ES
ES-VC,False,ES
ET,False,ET
ET-AA,False,ET
ET-AF,False,ET
ET-AM,False,ET
ET-BE,False,ET
ET-DD,False,ET
ET-GA,False,ET
ET-HA,False,ET
ET-OR,False,ET
ET-SI,False,ET
ET-SN,False,ET
ET-SO,False,ET
ET-TI,False,ET
FI,True,FI
FI-01,False,FI
FI-02,False,FI
FI-03,False,FI
FI-04,False,FI
FI-05,False,FI
FI-06,False,FI
FI-07,False,FI
FI-08,False,FI
FI-09,False,FI
FI-10,False,FI
FI-11,False,FI
FI-12,False,FI
FI-13,False,FI
FI-14,False,FI
FI-15,False,FI
FI-16,False,FI
FI-17,False,FI
FI-18,False,FI
FI-19,False,FI
FJ-C,False,FJ
FJ-E,False,FJ
FJ-N,False,FJ
FJ-R,False,FJ
FJ-W,False,FJ
FM,True,FM
FM-KSA,False,FM
FM-PNI,False,FM
FM-TRK,False,FM
FM-YAP,False,FM
FR,True,FR
FR-20R,False,FR
FR-971,False,FR
FR-972,False,FR
FR-973,False,FR
FR-974,False,FR
FR-976,False,FR
FR-ARA,True,FR
FR-BFC,False,FR
FR-BL,False,FR
FR-BRE,False,FR
FR-CP,False,FR
FR-CVL,False,FR
FR-GES,False,FR
FR-HDF,False,FR
FR-IDF,False,FR
FR-MF,False,FR
FR-NAQ,False,FR
FR-NC,False,FR
FR-NOR,True,FR
FR-OCC,False,FR
FR-PAC,False,FR
FR-PDL,True,FR
FR-PF,False,FR
FR-PM,False,FR
FR-TF,False,FR
FR-WF,False,FR
GA,False,GA
GA-1,False,GA
GA-2,False,GA
GA-3,False,GA
GA-4,False,GA
GA-5,False,GA
GA-6,False,GA
GA-7,False,GA
GA-8,False,GA
GA-9,False,GA
GB,True,GB
GB-ENG,True,GB
GB-NIR,True,GB
GB-SCT,True,GB
GB-WLS,True,GB
GD,True,GD
GD-01,False,GD
GD-02,False,GD
GD-03,False,GD
GD-04,False,GD
GD-05,False,GD
GD-06,False,GD
GD-10,False,GD
GE,True,GE
GE-AB,False,GE
GE-AJ,False,GE
GE-GU,False,GE
GE-IM,False,GE
GE-KA,False,GE
GE-KK,False,GE
GE-MM,False,GE
GE-RL,False,GE
GE-SJ,False,GE
GE-SK,False,GE
GE-SZ,False,GE
GE-TB,False,GE
GH,True,GH
GH-AA,False,GH
GH-AF,False,GH
GH-AH,False,GH
GH-BE,False,GH
GH-BO,False,GH
GH-CP,False,GH
GH-EP,False,GH
GH-NE,False,GH
GH-NP,False,GH
GH-OT,False,GH
GH-SV,False,GH
GH-TV,False,GH
GH-UE,False,GH
GH-UW,False,GH
GH-WN,False,GH
GH-WP,False,GH
GL-AV,False,GL
GL-KU,False,GL
GL-QE,False,GL
GL-QT,False,GL
GL-SM,False,GL
GM,False,GM
GM-B,False,GM
GM-L,False,GM
GM-M,False,GM
GM-N,False,GM
GM-U,False,GM
GM-W,False,GM
GN-B,False,GN
GN-C,False,GN
GN-D,False,GN
GN-F,False,GN
GN-K,False,GN
GN-L,False,GN
GN-M,False,GN
GN-N,False,GN
GQ,True,GQ
GQ-C,False,GQ
GQ-I,False,GQ
GR,True,GR
GR-69,False,GR
GR-A,False,GR
GR-B,False,GR
GR-C,False,GR
GR-D,False,GR
GR-E,False,GR
GR-F,False,GR
GR-G,False,GR
GR-H,False,GR
GR-I,False,GR
GR-J,False,GR
GR-K,False,GR
GR-L,False,GR
GR-M,False,GR
GT,False,GT
GT-01,False,GT
GT-02,False,GT
GT-03,False,GT
GT-04,False,GT
GT-05,False,GT
GT-06,False,GT
GT-07,False,GT
GT-08,False,GT
GT-09,False,GT
GT-10,False,GT
GT-11,False,GT
GT-12,False,GT
GT-13,False,GT
GT-14,False,GT
GT-15,False,GT
GT-16,False,GT
GT-17,False,GT
GT-18,False,GT
GT-19,False,GT
GT-20,False,GT
GT-21,False,GT
GT-22,False,GT
GW-BS,False,GW
GW-L,False,GW
GW-N,False,GW
GW-S,False,GW
GY-BA,False,GY
GY-CU,False,GY
GY-DE,False,GY
GY-EB,False,GY
GY-ES,False,GY
GY-MA,False,GY
GY-PM,False,GY
GY-PT,False,GY
GY-UD,False,GY
GY-UT,False,GY
HN,False,HN
HN-AT,False,HN
HN-CH,False,HN
HN-CL,False,HN
HN-CM,False,HN
HN-CP,False,HN
HN-CR,False,HN
HN-EP,False,HN
HN-FM,False,HN
HN-GD,False,HN
HN-IB,False,HN
HN-IN,False,HN
HN-LE,False,HN
HN-LP,False,HN
HN-OC,False,HN
HN-OL,False,HN
HN-SB,False,HN
HN-VA,False,HN
HN-YO,False,HN
HR-01,False,HR
HR-02,False,HR
HR-03,False,HR
HR-04,False,HR
HR-05,False,HR
HR-06,False,HR
HR-07,False,HR
HR-08,False,HR
HR-09,False,HR
HR-10,False,HR
HR-11,False,HR
HR-12,False,HR
HR-13,False,HR
HR-14,False,HR
HR-15,False,HR
HR-16,False,HR
HR-17,False,HR
HR-18,False,HR
HR-19,False,HR
HR-20,False,HR
HR-21,False,HR
HT,False,HT
HT-AR,False,HT
HT-CE,False,HT
HT-GA,False,HT
HT-ND,False,HT
HT-NE,False,HT
HT-NI,False,HT
HT-NO,False,HT
HT-OU,False,HT
HT-SD,False,HT
HT-SE,False,HT
HU-BA,False,HU
HU-BC,False,HU
HU-BE,False,HU
HU-BK,False,HU
HU-BU,False,HU
HU-BZ,False,HU
HU-CS,False,HU
HU-DE,False,HU
HU-DU,False,HU
HU-EG,False,HU
HU-ER,False,HU
HU-FE,False,HU
HU-GS,False,HU
HU-GY,False,HU
HU-HB,False,HU
HU-HE,False,HU
HU-HV,False,HU
HU-JN,False,HU
HU-KE,False,HU
HU-KM,False,HU
HU-KV,False,HU
HU-MI,False,HU
HU-NK,False,HU
HU-NO,False,HU
HU-NY,False,HU
HU-PE,False,HU
HU-PS,False,HU
HU-SD,False,HU
HU-SF,False,HU
HU-SH,False,HU
HU-SK,False,HU
HU-SN,False,HU
HU-SO,False,HU
HU-SS,False,HU
HU-ST,False,HU
HU-SZ,False,HU
HU-TB,False,HU
HU-TO,False,HU
HU-VA,False,HU
HU-VE,False,HU
HU-VM,False,HU
HU-ZA,False,HU
HU-ZE,False,HU
ID-JW,False,ID
ID-KA,False,ID
ID-ML,False,ID
ID-NU,False,ID
ID-PP,False,ID
ID-SL,False,ID
ID-SM,False,ID
IE-C,False,IE
IE-L,False,IE
IE-M,False,IE
IE-U,False,IE
IL-D,False,IL
IL-HA,False,IL
IL-JM,False,IL
IL-M,False,IL
IL-TA,False,IL
IL-Z,False,IL
IN,False,IN
IN-AN,False,IN
IN-AP,False,IN
IN-AR,False,IN
IN-AS,False,IN
IN-BR,False,IN
IN-CH,False,IN
IN-CT,False,IN
IN-DH,False,IN
IN-DL,False,IN
IN-GA,False,IN
IN-GJ,False,IN
IN-HP,False,IN
IN-HR,False,IN
IN-JH,False,IN
IN-JK,False,IN
IN-KA,False,IN
IN-KL,False,IN
IN-LA,False,IN
IN-LD,False,IN
IN-MH,False,IN
IN-ML,False,IN
IN-MN,False,IN
IN-MP,False,IN
IN-MZ,False,IN
IN-NL,False,IN
IN-OR,False,IN
IN-PB,False,IN
IN-PY,False,IN
IN-RJ,False,IN
IN-SK,False,IN
IN-TG,False,IN
IN-TN,False,IN
IN-TR,False,IN
IN-UP,False,IN
IN-UT,False,IN
IN-WB,False,IN
IQ,False,IQ
IQ-AN,False,IQ
IQ-BA,False,IQ
IQ-BB,False,IQ
IQ-BG,False,IQ
IQ-DI,False,IQ
IQ-DQ,False,IQ
IQ-KA,False,IQ
IQ-KI,False,IQ
IQ-KR,False,IQ
IQ-MA,False,IQ
IQ-MU,False,IQ
IQ-NA,False,IQ
IQ-NI,False,IQ
IQ-QA,False,IQ
IQ-SD,False,IQ
IQ-WA,False,IQ
IR,False,IR
IR-00,False,IR
IR-01,False,IR
IR-02,False,IR
IR-03,False,IR
IR-04,False,IR
IR-05,False,IR
IR-06,False,IR
IR-07,False,IR
IR-08,False,IR
IR-09,False,IR
IR-10,False,IR
IR-11,False,IR
IR-12,False,IR
IR-13,False,IR
IR-14,False,IR
IR-15,False,IR
IR-16,False,IR
IR-17,False,IR
IR-18,False,IR
IR-19,False,IR
IR-20,False,IR
IR-21,False,IR
IR-22,False,IR
IR-23,False,IR
IR-24,False,IR
IR-25,False,IR
IR-26,False,IR
IR-27,False,IR
IR-28,False,IR
IR-29,False,IR
IR-30,False,IR
IS,True,IS
IS-1,False,IS
IS-2,False,IS
IS-3,False,IS
IS-4,False,IS
IS-5,False,IS
IS-6,False,IS
IS-7,False,IS
IS-8,False,IS
IT,True,IT
IT-21,False,IT
IT-23,False,IT
IT-25,False,IT
IT-32,False,IT
IT-34,False,IT
IT-36,False,IT
IT-42,False,IT
IT-45,False,IT
IT-52,False,IT
IT-55,False,IT
IT-57,False,IT
IT-62,False,IT
IT-65,False,IT
IT-67,False,IT
IT-72,False,IT
IT-75,False,IT
IT-77,False,IT
IT-78,False,IT
IT-82,False,IT
IT-88,False,IT
JM,False,JM
JM-01,False,JM
JM-02,False,JM
JM-03,False,JM
JM-04,False,JM
JM-05,False,JM
JM-06,False,JM
JM-07,False,JM
JM-08,False,JM
JM-09,False,JM
JM-10,False,JM
JM-11,False,JM
JM-12,False,JM
JM-13,False,JM
JM-14,False,JM
JO,False,JO
JO-AJ,False,JO
JO-AM,False,JO
JO-AQ,False,JO
JO-AT,False,JO
JO-AZ,False,JO
JO-BA,False,JO
JO-IR,False,JO
JO-JA,False,JO
JO-KA,False,JO
JO-MA,False,JO
JO-MD,False,JO
JO-MN,False,JO
JP,True,JP
JP-01,True,JP
JP-02,False,JP
JP-03,True,JP
JP-04,True,JP
JP-05,False,JP
JP-06,True,JP
JP-07,True,JP
JP-08,False,JP
JP-09,True,JP
JP-10,True,JP
JP-11,False,JP
JP-12,True,JP
JP-13,True,JP
JP-14,True,JP
JP-15,True,JP
JP-16,True,JP
JP-17,False,JP
JP-18,True,JP
JP-19,True,JP
JP-20,True,JP
JP-21,True,JP
JP-22,False,JP
JP-23,False,JP
JP-24,True,JP
JP-25,True,JP
JP-26,True,JP
JP-27,True,JP
JP-28,False,JP
JP-29,True,JP
JP-30,True,JP
JP-31,True,JP
JP-32,True,JP
JP-33,True,JP
JP-34,True,JP
JP-35,True,JP
JP-36,True,JP
JP-37,True,JP
JP-38,True,JP
JP-39,True,JP
JP-40,False,JP
JP-41,True,JP
JP-42,False,JP
JP-43,False,JP
JP-44,False,JP
JP-45,True,JP
JP-46,False,JP
JP-47,False,JP
KE,False,KE
KE-01,False,KE
KE-02,False,KE
KE-03,False,KE
KE-04,False,KE
KE-05,False,KE
KE-06,False,KE
KE-07,False,KE
KE-08,False,KE
KE-09,False,KE
KE-10,False,KE
KE-11,False,KE
KE-12,False,KE
KE-13,False,KE
KE-14,False,KE
KE-15,False,KE
KE-16,False,KE
KE-17,False,KE
KE-18,False,KE
KE-19,False,KE
KE-20,False,KE
KE-21,False,KE
KE-22,False,KE
KE-23,False,KE
KE-24,False,KE
KE-25,False,KE
KE-26,False,KE
KE-27,False,KE
KE-28,False,KE
KE-29,False,KE
KE-30,False,KE
KE-31,False,KE
KE-32,False,KE
KE-33,False,KE
KE-34,False,KE
KE-35,False,KE
KE-36,False,KE
KE-37,False,KE
KE-38,False,KE
KE-39,False,KE
KE-40,False,KE
KE-41,False,KE
KE-42,False,KE
KE-43,False,KE
KE-44,False,KE
KE-45,False,KE
KE-46,False,KE
KE-47,False,KE
KG,False,KG
KG-B,False,KG
KG-C,False,KG
KG-GB,False,KG
KG-GO,False,KG
KG-J,False,KG
KG-N,False,KG
KG-O,False,KG
KG-T,False,KG
KG-Y,False,KG
KH-1,False,KH
KH-10,False,KH
KH-11,False,KH
KH-12,False,KH
KH-13,False,KH
KH-14,False,KH
KH-15,False,KH
KH-16,False,KH
KH-17,False,KH
KH-18,False,KH
KH-19,False,KH
KH-2,False,KH
KH-20,False,KH
KH-21,False,KH
KH-22,False,KH
KH-23,False,KH
KH-24,False,KH
KH-25,False,KH
KH-3,False,KH
KH-4,False,KH
KH-5,False,KH
KH-6,False,KH
KH-7,False,KH
KH-8,False,KH
KH-9,False,KH
KI-G,False,KI
KI-L,False,KI
KI-P,False,KI
KM,True,KM
KM-A,False,KM
KM-G,False,KM
KM-M,False,KM
KN-K,False,KN
KN-N,False,KN
KP,False,KP
KP-01,False,KP
KP-02,False,KP
KP-03,False,KP
KP-04,False,KP
KP-05,False,KP
KP-06,False,KP
KP-07,False,KP
KP-08,False,KP
KP-09,False,KP
KP-10,False,KP
KP-13,False,KP
KP-14,False,KP
KR-11,False,KR
KR-26,False,KR
KR-27,False,KR
KR-28,False,KR
KR-29,False,KR
KR-30,False,KR
KR-31,False,KR
KR-41,False,KR
KR-42,False,KR
KR-43,False,KR
KR-44,False,KR
KR-45,False,KR
KR-46,False,KR
KR-47,False,KR
KR-48,False,KR
KR-49,True,KR
KR-50,False,KR
KW-AH,False,KW
KW-FA,False,KW
KW-HA,False,KW
KW-JA,False,KW
KW-KU,False,KW
KW-MU,False,KW
KZ-AKM,False,KZ
KZ-AKT,False,KZ
KZ-ALA,False,KZ
KZ-ALM,False,KZ
KZ-AST,False,KZ
KZ-ATY,False,KZ
KZ-KAR,False,KZ
KZ-KUS,False,KZ
KZ-KZY,False,KZ
KZ-MAN,False,KZ
KZ-PAV,False,KZ
KZ-SEV,False,KZ
KZ-SHY,False,KZ
KZ-VOS,False,KZ
KZ-YUZ,False,KZ
KZ-ZAP,False,KZ
KZ-ZHA,False,KZ
LA,False,LA
LA-AT,False,LA
LA-BK,False,LA
LA-BL,False,LA
LA-CH,False,LA
LA-HO,False,LA
LA-KH,False,LA
LA-LM,False,LA
LA-LP,False,LA
LA-OU,False,LA
LA-PH,False,LA
LA-SL,False,LA
LA-SV,False,LA
LA-VI,False,LA
LA-VT,False,LA
LA-XA,False,LA
LA-XE,False,LA
LA-XI,False,LA
LA-XS,False,LA
LB,False,LB
LB-AK,False,LB
LB-AS,False,LB
LB-BA,False,LB
LB-BH,False,LB
LB-BI,False,LB
LB-JA,False,LB
LB-JL,False,LB
LB-NA,False,LB
LC,False,LC
LC-01,False,LC
LC-02,False,LC
LC-03,False,LC
LC-05,False,LC
LC-06,False,LC
LC-07,False,LC
LC-08,False,LC
LC-10,False,LC
LC-11,False,LC
LC-12,False,LC
LI,True,LI
LI-01,False,LI
LI-02,False,LI
LI-03,False,LI
LI-04,False,LI
LI-05,False,LI
LI-06,False,LI
LI-07,False,LI
LI-08,False,LI
LI-09,False,LI
LI-10,False,LI
LI-11,False,LI
LK,False,LK
LK-1,False,LK
LK-2,False,LK
LK-3,False,LK
LK-4,False,LK
LK-5,False,LK
LK-6,False,LK
LK-7,False,LK
LK-8,False,LK
LK-9,False,LK
LR,False,LR
LR-BG,False,LR
LR-BM,False,LR
LR-CM,False,LR
LR-GB,False,LR
LR-GG,False,LR
LR-GK,False,LR
LR-GP,False,LR
LR-LO,False,LR
LR-MG,False,LR
LR-MO,False,LR
LR-MY,False,LR
LR-NI,False,LR
LR-RG,False,LR
LR-RI,False,LR
LR-SI,False,LR
LS,True,LS
LS-A,False,LS
LS-B,False,LS
LS-C,False,LS
LS-D,False,LS
LS-E,False,LS
LS-F,False,LS
LS-G,False,LS
LS-H,False,LS
LS-J,False,LS
LS-K,False,LS
LT,True,LT
LT-AL,False,LT
LT-KL,False,LT
LT-KU,False,LT
LT-MR,False,LT
LT-PN,False,LT
LT-SA,False,LT
LT-TA,False,LT
LT-TE,False,LT
LT-UT,False,LT
LT-VL,False,LT
LU,True,LU
LU-CA,False,LU
LU-CL,False,LU
LU-DI,False,LU
LU-EC,False,LU
LU-ES,False,LU
LU-GR,False,LU
LU-LU,False,LU
LU-ME,False,LU
LU-RD,False,LU
LU-RM,False,LU
LU-VD,False,LU
LU-WI,False,LU
LV,True,LV
LV-002,False,LV
LV-007,False,LV
LV-011,False,LV
LV-015,False,LV
LV-016,False,LV
LV-022,False,LV
LV-026,False,LV
LV-033,False,LV
LV-041,False,LV
LV-042,False,LV
LV-047,False,LV
LV-050,False,LV
LV-052,False,LV
LV-054,False,LV
LV-056,False,LV
LV-058,False,LV
LV-059,False,LV
LV-062,False,LV
LV-067,False,LV
LV-068,False,LV
LV-073,False,LV
LV-077,False,LV
LV-080,False,LV
LV-087,False,LV
LV-088,False,LV
LV-089,False,LV
LV-091,False,LV
LV-094,False,LV
LV-097,False,LV
LV-099,False,LV
LV-101,False,LV
LV-102,False,LV
LV-106,False,LV
LV-111,False,LV
LV-112,False,LV
LV-113,False,LV
LV-DGV,False,LV
LV-JEL,False,LV
LV-JUR,False,LV
LV-LPX,False,LV
LV-REZ,False,LV
LV-RIX,False,LV
LV-VEN,False,LV
LY-BA,False,LY
LY-BU,False,LY
LY-DR,False,LY
LY-GT,False,LY
LY-JA,False,LY
LY-JG,False,LY
LY-JI,False,LY
LY-JU,False,LY
LY-KF,False,LY
LY-MB,False,LY
LY-MI,False,LY
LY-MJ,False,LY
LY-MQ,False,LY
LY-NL,False,LY
LY-NQ,False,LY
LY-SB,False,LY
LY-SR,False,LY
LY-TB,False,LY
LY-WA,False,LY
LY-WD,False,LY
LY-WS,False,LY
LY-ZA,False,LY
MA-01,False,MA
MA-02,False,MA
MA-03,False,MA
MA-04,False,MA
MA-05,False,MA
MA-06,False,MA
MA-07,False,MA
MA-08,False,MA
MA-09,False,MA
MA-10,False,MA
MA-11,False,MA
MA-12,False,MA
MC-CL,False,MC
MC-CO,False,MC
MC-FO,False,MC
MC-GA,False,MC
MC-JE,False,MC
MC-LA,False,MC
MC-MA,False,MC
MC-MC,False,MC
MC-MG,False,MC
MC-MO,False,MC
MC-MU,False,MC
MC-PH,False,MC
MC-SD,False,MC
MC-SO,False,MC
MC-SP,False,MC
MC-SR,False,MC
MC-VR,False,MC
MD,True,MD
MD-AN,False,MD
MD-BA,False,MD
MD-BD,False,MD
MD-BR,False,MD
MD-BS,False,MD
MD-CA,False,MD
MD-CL,False,MD
MD-CM,False,MD
MD-CR,False,MD
MD-CS,False,MD
MD-CT,False,MD
MD-CU,False,MD
MD-DO,False,MD
MD-DR,False,MD
MD-DU,False,MD
MD-ED,False,MD
MD-FA,False,MD
MD-FL,False,MD
MD-GA,False,MD
MD-GL,False,MD
MD-HI,False,MD
MD-IA,False,MD
MD-LE,False,MD
MD-NI,False,MD
MD-OC,False,MD
MD-OR,False,MD
MD-RE,False,MD
MD-RI,False,MD
MD-SD,False,MD
MD-SI,False,MD
MD-SN,False,MD
MD-SO,False,MD
MD-ST,False,MD
MD-SV,False,MD
MD-TA,False,MD
MD-TE,False,MD
MD-UN,False,MD
ME-01,False,ME
ME-02,False,ME
ME-03,False,ME
ME-04,False,ME
ME-05,False,ME
ME-06,False,ME
ME-07,False,ME
ME-08,False,ME
ME-09,False,ME
ME-10,False,ME
ME-11,False,ME
ME-12,False,ME
ME-13,False,ME
ME-14,False,ME
ME-15,False,ME
ME-16,False,ME
ME-17,False,ME
ME-18,False,ME
ME-19,False,ME
ME-20,False,ME
ME-21,False,ME
ME-22,False,ME
ME-23,False,ME
ME-24,False,ME
MG,False,MG
MG-A,False,MG
MG-D,False,MG
MG-F,False,MG
MG-M,False,MG
MG-T,False,MG
MG-U,False,MG
MH,True,MH
MH-L,False,MH
MH-T,False,MH
MK,True,MK
MK-101,False,MK
MK-102,False,MK
MK-103,False,MK
MK-104,False,MK
MK-105,False,MK
MK-106,False,MK
MK-107,False,MK
MK-108,False,MK
MK-109,False,MK
MK-201,False,MK
MK-202,False,MK
MK-203,False,MK
MK-204,False,MK
MK-205,False,MK
MK-206,False,MK
MK-207,False,MK
MK-208,False,MK
MK-209,False,MK
MK-210,False,MK
MK-211,False,MK
MK-301,False,MK
MK-303,False,MK
MK-304,False,MK
MK-307,False,MK
MK-308,False,MK
MK-310,False,MK
MK-311,False,MK
MK-312,False,MK
MK-313,False,MK
MK-401,False,MK
MK-402,False,MK
MK-403,False,MK
MK-404,False,MK
MK-405,False,MK
MK-406,False,MK
MK-407,False,MK
MK-408,False,MK
MK-409,False,MK
MK-410,False,MK
MK-501,False,MK
MK-502,False,MK
MK-503,False,MK
MK-504,False,MK
MK-505,False,MK
MK-506,False,MK
MK-507,False,MK
MK-508,False,MK
MK-509,False,MK
MK-601,False,MK
MK-602,False,MK
MK-603,False,MK
MK-604,False,MK
MK-605,False,MK
MK-606,False,MK
MK-607,False,MK
MK-608,False,MK
MK-609,False,MK
MK-701,False,MK
MK-702,False,MK
MK-703,False,MK
MK-704,False,MK
MK-705,False,MK
MK-706,False,MK
MK-801,False,MK
MK-802,False,MK
MK-803,False,MK
MK-804,False,MK
MK-805,False,MK
MK-806,False,MK
MK-807,False,MK
MK-808,False,MK
MK-809,False,MK
MK-810,False,MK
MK-811,False,MK
MK-812,False,MK
MK-813,False,MK
MK-814,False,MK
MK-815,False,MK
MK-816,False,MK
MK-817,False,MK
ML,False,ML
ML-1,False,ML
ML-10,False,ML
ML-2,False,ML
ML-3,False,ML
ML-4,False,ML
ML-5,False,ML
ML-6,False,ML
ML-7,False,ML
ML-8,False,ML
ML-9,False,ML
ML-BKO,False,ML
MM,True,MM
MM-01,False,MM
MM-02,False,MM
MM-03,False,MM
MM-04,False,MM
MM-05,False,MM
MM-06,False,MM
MM-07,False,MM
MM-11,False,MM
MM-12,False,MM
MM-13,False,MM
MM-14,False,MM
MM-15,False,MM
MM-16,False,MM
MM-17,False,MM
MM-18,False,MM
MN,False,MN
MN-035,False,MN
MN-037,False,MN
MN-039,False,MN
MN-041,False,MN
MN-043,False,MN
MN-046,False,MN
MN-047,False,MN
MN-049,False,MN
MN-051,False,MN
MN-053,False,MN
MN-055,False,MN
MN-057,False,MN
MN-059,False,MN
MN-061,False,MN
MN-063,False,MN
MN-064,False,MN
MN-065,False,MN
MN-067,False,MN
MN-069,False,MN
MN-071,False,MN
MN-073,False,MN
MN-1,False,MN
MR,False,MR
MR-01,False,MR
MR-02,False,MR
MR-03,False,MR
MR-04,False,MR
MR-05,False,MR
MR-06,False,MR
MR-07,False,MR
MR-08,False,MR
MR-09,False,MR
MR-10,False,MR
MR-11,False,MR
MR-12,False,MR
MR-13,False,MR
MR-14,False,MR
MR-15,False,MR
MT-01,False,MT
MT-02,False,MT
MT-03,False,MT
MT-04,False,MT
MT-05,False,MT
MT-06,False,MT
MT-07,False,MT
MT-08,False,MT
MT-09,False,MT
MT-10,False,MT
MT-11,False,MT
MT-12,False,MT
MT-13,False,MT
MT-14,False,MT
MT-15,False,MT
MT-16,False,MT
MT-17,False,MT
MT-18,False,MT
MT-19,False,MT
MT-20,False,MT
MT-21,False,MT
MT-22,False,MT
MT-23,False,MT
MT-24,False,MT
MT-25,False,MT
MT-26,False,MT
MT-27,False,MT
MT-28,False,MT
MT-29,False,MT
MT-30,False,MT
MT-31,False,MT
MT-32,False,MT
MT-33,False,MT
MT-34,False,MT
MT-35,False,MT
MT-36,False,MT
MT-37,False,MT
MT-38,False,MT
MT-39,False,MT
MT-40,False,MT
MT-41,False,MT
MT-42,False,MT
MT-43,False,MT
MT-44,False,MT
MT-45,False,MT
MT-46,False,MT
MT-47,False,MT
MT-48,False,MT
MT-49,False,MT
MT-50,False,MT
MT-51,False,MT
MT-52,False,MT
MT-53,False,MT
MT-54,False,MT
MT-55,False,MT
MT-56,False,MT
MT-57,False,MT
MT-58,False,MT
MT-59,False,MT
MT-60,False,MT
MT-61,False,MT
MT-62,False,MT
MT-63,False,MT
MT-64,False,MT
MT-65,False,MT
MT-66,False,MT
MT-67,False,MT
MT-68,False,MT
MU-AG,False,MU
MU-BL,False,MU
MU-CC,False,MU
MU-FL,False,MU
MU-GP,False,MU
MU-MO,False,MU
MU-PA,False,MU
MU-PL,False,MU
MU-PW,False,MU
MU-RO,False,MU
MU-RR,False,MU
MU-SA,False,MU
MV,False,MV
MV-00,False,MV
MV-01,False,MV
MV-02,False,MV
MV-03,False,MV
MV-04,False,MV
MV-05,False,MV
MV-07,False,MV
MV-08,False,MV
MV-12,False,MV
MV-13,False,MV
MV-14,False,MV
MV-17,False,MV
MV-20,False,MV
MV-23,False,MV
MV-24,False,MV
MV-25,False,MV
MV-26,False,MV
MV-27,False,MV
MV-28,False,MV
MV-29,False,MV
MV-MLE,False,MV
MW-C,False,MW
MW-N,False,MW
MW-S,False,MW
MX-AGU,False,MX
MX-BCN,True,MX
MX-BCS,False,MX
MX-CAM,False,MX
MX-CHH,False,MX
MX-CHP,False,MX
MX-CMX,False,MX
MX-COA,False,MX
MX-COL,True,MX
MX-DUR,False,MX
MX-GRO,False,MX
MX-GUA,False,MX
MX-HID,False,MX
MX-JAL,True,MX
MX-MEX,False,MX
MX-MIC,False,MX
MX-MOR,False,MX
MX-NAY,False,MX
MX-NLE,True,MX
MX-OAX,False,MX
MX-PUE,False,MX
MX-QUE,False,MX
MX-ROO,True,MX
MX-SIN,False,MX
MX-SLP,False,MX
MX-SON,True,MX
MX-TAB,False,MX
MX-TAM,False,MX
MX-TLA,False,MX
MX-VER,False,MX
MX-YUC,False,MX
MX-ZAC,False,MX
MY-01,False,MY
MY-02,False,MY
MY-03,False,MY
MY-04,True,MY
MY-05,False,MY
MY-06,False,MY
MY-07,False,MY
MY-08,False,MY
MY-09,False,MY
MY-10,False,MY
MY-11,False,MY
MY-12,False,MY
MY-13,False,MY
MY-14,False,MY
MY-15,False,MY
MY-16,False,MY
MZ-A,False,MZ
MZ-B,False,MZ
MZ-G,False,MZ
MZ-I,False,MZ
MZ-L,False,MZ
MZ-MPM,False,MZ
MZ-N,False,MZ
MZ-P,False,MZ
MZ-Q,False,MZ
MZ-S,False,MZ
MZ-T,False,MZ
NA-CA,False,NA
NA-ER,False,NA
NA-HA,False,NA
NA-KA,False,NA
NA-KE,False,NA
NA-KH,False,NA
NA-KU,False,NA
NA-KW,False,NA
NA-OD,False,NA
NA-OH,False,NA
NA-ON,False,NA
NA-OS,False,NA
NA-OT,False,NA
NA-OW,False,NA
NE-1,False,NE
NE-2,False,NE
NE-3,False,NE
NE-4,False,NE
NE-5,False,NE
NE-6,False,NE
NE-7,False,NE
NE-8,False,NE
NG-AB,False,NG
NG-AD,False,NG
NG-AK,False,NG
NG-AN,False,NG
NG-BA,False,NG
NG-BE,False,NG
NG-BO,False,NG
NG-BY,False,NG
NG-CR,False,NG
NG-DE,False,NG
NG-EB,False,NG
NG-ED,False,NG
NG-EK,False,NG
NG-EN,False,NG
NG-FC,False,NG
NG-GO,False,NG
NG-IM,False,NG
NG-JI,False,NG
NG-KD,False,NG
NG-KE,False,NG
NG-KN,False,NG
NG-KO,False,NG
NG-KT,False,NG
NG-KW,False,NG
NG-LA,False,NG
NG-NA,False,NG
NG-NI,False,NG
NG-OG,False,NG
NG-ON,False,NG
NG-OS,False,NG
NG-OY,False,NG
NG-PL,False,NG
NG-RI,False,NG
NG-SO,False,NG
NG-TA,False,NG
NG-YO,False,NG
NG-ZA,False,NG
NI,False,NI
NI-AN,False,NI
NI-AS,False,NI
NI-BO,False,NI
NI-CA,False,NI
NI-CI,False,NI
NI-CO,False,NI
NI-ES,False,NI
NI-GR,False,NI
NI-JI,False,NI
NI-LE,False,NI
NI-MD,False,NI
NI-MN,False,NI
NI-MS,False,NI
NI-MT,False,NI
NI-NS,False,NI
NI-RI,False,NI
NI-SJ,False,NI
NL,True,NL
NL-AW,False,NL
NL-BQ1,False,NL
NL-BQ2,False,NL
NL-BQ3,False,NL
NL-CW,False,NL
NL-DR,False,NL
NL-FL,False,NL
NL-FR,False,NL
NL-GE,False,NL
NL-GR,False,NL
NL-LI,False,NL
NL-NB,False,NL
NL-NH,False,NL
NL-OV,False,NL
NL-SX,False,NL
NL-UT,False,NL
NL-ZE,False,NL
NL-ZH,False,NL
NO,True,NO
NO-03,False,NO
NO-11,False,NO
NO-15,False,NO
NO-18,False,NO
NO-21,False,NO
NO-22,False,NO
NO-30,False,NO
NO-34,False,NO
NO-38,False,NO
NO-42,False,NO
NO-46,False,NO
NO-50,False,NO
NO-54,False,NO
NP,False,NP
NP-1,False,NP
NP-2,False,NP
NP-3,False,NP
NP-4,False,NP
NP-5,False,NP
NP-P1,False,NP
NP-P2,False,NP
NP-P3,False,NP
NP-P4,False,NP
NP-P5,False,NP
NP-P6,False,NP
NP-P7,False,NP
NR,False,NR
NR-01,False,NR
NR-02,False,NR
NR-03,False,NR
NR-04,False,NR
NR-05,False,NR
NR-06,False,NR
NR-07,False,NR
NR-08,False,NR
NR-09,False,NR
NR-10,False,NR
NR-11,False,NR
NR-12,False,NR
NR-13,False,NR
NR-14,False,NR
NZ,True,NZ
NZ-AUK,False,NZ
NZ-BOP,False,NZ
NZ-CAN,False,NZ
NZ-CIT,False,NZ
NZ-GIS,False,NZ
NZ-HKB,False,NZ
NZ-MBH,False,NZ
NZ-MWT,False,NZ
NZ-NSN,False,NZ
NZ-NTL,False,NZ
NZ-OTA,False,NZ
NZ-STL,False,NZ
NZ-TAS,False,NZ
NZ-TKI,False,NZ
NZ-WGN,False,NZ
NZ-WKO,False,NZ
NZ-WTC,False,NZ
OM-BJ,False,OM
OM-BS,False,OM
OM-BU,False,OM
OM-DA,False,OM
OM-MA,False,OM
OM-MU,False,OM
OM-SJ,False,OM
OM-SS,False,OM
OM-WU,False,OM
OM-ZA,False,OM
OM-ZU,False,OM
PA-1,False,PA
PA-10,False,PA
PA-2,False,PA
PA-3,False,PA
PA-4,False,PA
PA-5,False,PA
PA-6,False,PA
PA-7,False,PA
PA-8,False,PA
PA-9,False,PA
PA-EM,False,PA
PA-KY,False,PA
PA-NB,False,PA
PA-NT,False,PA
PE,True,PE
PE-AMA,False,PE
PE-ANC,False,PE
PE-APU,False,PE
PE-ARE,False,PE
PE-AYA,False,PE
PE-CAJ,False,PE
PE-CAL,False,PE
PE-CUS,False,PE
PE-HUC,False,PE
PE-HUV,False,PE
PE-ICA,False,PE
PE-JUN,False,PE
PE-LAL,False,PE
PE-LAM,False,PE
PE-LIM,False,PE
PE-LMA,False,PE
PE-LOR,False,PE
PE-MDD,False,PE
PE-MOQ,False,PE
PE-PAS,False,PE
PE-PIU,False,PE
PE-PUN,False,PE
PE-SAM,False,PE
PE-TAC,False,PE
PE-TUM,False,PE
PE-UCA,False,PE
PG-CPK,False,PG
PG-CPM,False,PG
PG-EBR,False,PG
PG-EHG,False,PG
PG-EPW,False,PG
PG-ESW,False,PG
PG-GPK,False,PG
PG-HLA,False,PG
PG-JWK,False,PG
PG-MBA,False,PG
PG-MPL,False,PG
PG-MPM,False,PG
PG-MRL,False,PG
PG-NCD,False,PG
PG-NIK,False,PG
PG-NPP,False,PG
PG-NSB,False,PG
PG-SAN,False,PG
PG-SHM,False,PG
PG-WBK,False,PG
PG-WHM,False,PG
PG-WPD,False,PG
PH,False,PH
PH-00,False,PH
PH-01,False,PH
PH-02,False,PH
PH-03,False,PH
PH-05,False,PH
PH-06,False,PH
PH-07,False,PH
PH-08,False,PH
PH-09,False,PH
PH-10,False,PH
PH-11,False,PH
PH-12,False,PH
PH-13,False,PH
PH-14,False,PH
PH-15,False,PH
PH-40,False,PH
PH-41,False,PH
PK-BA,False,PK
PK-GB,False,PK
PK-IS,False,PK
PK-JK,False,PK
PK-KP,False,PK
PK-PB,False,PK
PK-SD,False,PK
PL-02,False,PL
PL-04,False,PL
PL-06,False,PL
PL-08,False,PL
PL-10,False,PL
PL-12,False,PL
PL-14,False,PL
PL-16,False,PL
PL-18,False,PL
PL-20,False,PL
PL-22,False,PL
PL-24,False,PL
PL-26,False,PL
PL-28,False,PL
PL-30,False,PL
PL-32,False,PL
PS-BTH,False,PS
PS-DEB,False,PS
PS-GZA,False,PS
PS-HBN,False,PS
PS-JEM,False,PS
PS-JEN,False,PS
PS-JRH,False,PS
PS-KYS,False,PS
PS-NBS,False,PS
PS-NGZ,False,PS
PS-QQA,False,PS
PS-RBH,False,PS
PS-RFH,False,PS
PS-SLT,False,PS
PS-TBS,False,PS
PS-TKM,False,PS
PT-01,False,PT
PT-02,False,PT
PT-03,False,PT
PT-04,False,PT
PT-05,False,PT
PT-06,False,PT
PT-07,False,PT
PT-08,False,PT
PT-09,False,PT
PT-10,False,PT
PT-11,False,PT
PT-12,False,PT
PT-13,False,PT
PT-14,False,PT
PT-15,False,PT
PT-16,False,PT
PT-17,False,PT
PT-18,False,PT
PT-20,False,PT
PT-30,False,PT
PW,False,PW
PW-002,False,PW
PW-004,False,PW
PW-010,False,PW
PW-050,False,PW
PW-100,False,PW
PW-150,False,PW
PW-212,False,PW
PW-214,False,PW
PW-218,False,PW
PW-222,False,PW
PW-224,False,PW
PW-226,False,PW
PW-227,False,PW
PW-228,False,PW
PW-350,False,PW
PW-370,False,PW
PY-1,False,PY
PY-10,False,PY
PY-11,False,PY
PY-12,False,PY
PY-13,False,PY
PY-14,False,PY
PY-15,False,PY
PY-16,False,PY
PY-19,False,PY
PY-2,False,PY
PY-3,False,PY
PY-4,False,PY
PY-5,False,PY
PY-6,False,PY
PY-7,False,PY
PY-8,False,PY
PY-9,False,PY
PY-ASU,False,PY
QA,False,QA
QA-DA,False,QA
QA-KH,False,QA
QA-MS,False,QA
QA-RA,False,QA
QA-SH,False,QA
QA-US,False,QA
QA-WA,False,QA
QA-ZA,False,QA
RO,True,RO
RO-AB,False,RO
RO-AG,False,RO
RO-AR,False,RO
RO-B,False,RO
RO-BC,False,RO
RO-BH,False,RO
RO-BN,False,RO
RO-BR,False,RO
RO-BT,False,RO
RO-BV,False,RO
RO-BZ,False,RO
RO-CJ,False,RO
RO-CL,False,RO
RO-CS,False,RO
RO-CT,False,RO
RO-CV,False,RO
RO-DB,False,RO
RO-DJ,False,RO
RO-GJ,False,RO
RO-GL,False,RO
RO-GR,False,RO
RO-HD,False,RO
RO-HR,False,RO
RO-IF,False,RO
RO-IL,False,RO
RO-IS,False,RO
RO-MH,False,RO
RO-MM,False,RO
RO-MS,False,RO
RO-NT,False,RO
RO-OT,False,RO
RO-PH,False,RO
RO-SB,False,RO
RO-SJ,False,RO
RO-SM,False,RO
RO-SV,False,RO
RO-TL,False,RO
RO-TM,False,RO
RO-TR,False,RO
RO-VL,False,RO
RO-VN,False,RO
RO-VS,False,RO
RS-00,False,RS
RS-08,False,RS
RS-09,False,RS
RS-10,False,RS
RS-11,False,RS
RS-12,False,RS
RS-13,False,RS
RS-14,False,RS
RS-15,False,RS
RS-16,False,RS
RS-17,False,RS
RS-18,False,RS
RS-19,False,RS
RS-20,False,RS
RS-21,False,RS
RS-22,False,RS
RS-23,False,RS
RS-24,False,RS
RS-KM,False,RS
RS-VO,False,RS
RU,True,RU
RU-AD,False,RU
RU-AL,False,RU
RU-ALT,False,RU
RU-AMU,False,RU
RU-ARK,False,RU
RU-AST,False,RU
RU-BA,False,RU
RU-BEL,False,RU
RU-BRY,False,RU
RU-BU,False,RU
RU-CE,False,RU
RU-CHE,False,RU
RU-CHU,False,RU
RU-CU,False,RU
RU-DA,False,RU
RU-IN,False,RU
RU-IRK,False,RU
RU-IVA,False,RU
RU-KAM,False,RU
RU-KB,False,RU
RU-KC,False,RU
RU-KDA,False,RU
RU-KEM,False,RU
RU-KGD,False,RU
RU-KGN,False,RU
RU-KHA,False,RU
RU-KHM,False,RU
RU-KIR,False,RU
RU-KK,False,RU
RU-KL,False,RU
RU-KLU,False,RU
RU-KO,False,RU
RU-KOS,False,RU
RU-KR,False,RU
RU-KRS,False,RU
RU-KYA,False,RU
RU-LEN,False,RU
RU-LIP,False,RU
RU-MAG,False,RU
RU-ME,False,RU
RU-MO,False,RU
RU-MOS,False,RU
RU-MOW,False,RU
RU-MUR,False,RU
RU-NEN,False,RU
RU-NGR,False,RU
RU-NIZ,False,RU
RU-NVS,False,RU
RU-OMS,False,RU
RU-ORE,False,RU
RU-ORL,False,RU
RU-PER,False,RU
RU-PNZ,False,RU
RU-PRI,False,RU
RU-PSK,False,RU
RU-ROS,False,RU
RU-RYA,False,RU
RU-SA,False,RU
RU-SAK,False,RU
RU-SAM,False,RU
RU-SAR,False,RU
RU-SE,False,RU
RU-SMO,False,RU
RU-SPE,False,RU
RU-STA,False,RU
RU-SVE,False,RU
RU-TA,False,RU
RU-TAM,False,RU
RU-TOM,False,RU
RU-TUL,False,RU
RU-TVE,False,RU
RU-TY,False,RU
RU-TYU,False,RU
RU-UD,False,RU
RU-ULY,False,RU
RU-VGG,False,RU
RU-VLA,False,RU
RU-VLG,False,RU
RU-VOR,False,RU
RU-YAN,False,RU
RU-YAR,False,RU
RU-YEV,False,RU
RU-ZAB,False,RU
RW,False,RW
RW-01,False,RW
RW-02,False,RW
RW-03,False,RW
RW-04,False,RW
RW-05,False,RW
SA-01,False,SA
SA-02,False,SA
SA-03,False,SA
SA-04,False,SA
SA-05,False,SA
SA-06,False,SA
SA-07,False,SA
SA-08,False,SA
SA-09,False,SA
SA-10,False,SA
SA-11,False,SA
SA-12,False,SA
SA-14,False,SA
SB,True,SB
SB-CE,False,SB
SB-CH,False,SB
SB-CT,False,SB
SB-GU,False,SB
SB-IS,False,SB
SB-MK,False,SB
SB-ML,False,SB
SB-RB,False,SB
SB-TE,False,SB
SB-WE,False,SB
SC-01,False,SC
SC-02,False,SC
SC-03,False,SC
SC-04,False,SC
SC-05,False,SC
SC-06,False,SC
SC-07,False,SC
SC-08,False,SC
SC-09,False,SC
SC-10,False,SC
SC-11,False,SC
SC-12,False,SC
SC-13,False,SC
SC-14,False,SC
SC-15,False,SC
SC-16,False,SC
SC-17,False,SC
SC-18,False,SC
SC-19,False,SC
SC-20,False,SC
SC-21,False,SC
SC-22,False,SC
SC-23,False,SC
SC-24,False,SC
SC-25,False,SC
SC-26,False,SC
SC-27,False,SC
SD,False,SD
SD-DC,False,SD
SD-DE,False,SD
SD-DN,False,SD
SD-DS,False,SD
SD-DW,False,SD
SD-GD,False,SD
SD-GK,False,SD
SD-GZ,False,SD
SD-KA,False,SD
SD-KH,False,SD
SD-KN,False,SD
SD-KS,False,SD
SD-NB,False,SD
SD-NO,False,SD
SD-NR,False,SD
SD-NW,False,SD
SD-RS,False,SD
SD-SI,False,SD
SE-AB,False,SE
SE-AC,False,SE
SE-BD,False,SE
SE-C,False,SE
SE-D,False,SE
SE-E,False,SE
SE-F,False,SE
SE-G,False,SE
SE-H,False,SE
SE-I,False,SE
SE-K,False,SE
SE-M,False,SE
SE-N,False,SE
SE-O,False,SE
SE-S,False,SE
SE-T,False,SE
SE-U,False,SE
SE-W,False,SE
SE-X,False,SE
SE-Y,False,SE
SE-Z,False,SE
SG,False,SG
SG-01,False,SG
SG-02,False,SG
SG-03,False,SG
SG-04,False,SG
SG-05,False,SG
SH-AC,False,SH
SH-HL,False,SH
SH-TA,False,SH
SI-001,False,SI
SI-002,False,SI
SI-003,False,SI
SI-004,False,SI
SI-005,False,SI
SI-006,False,SI
SI-007,False,SI
SI-008,False,SI
SI-009,False,SI
SI-010,False,SI
SI-011,False,SI
SI-012,False,SI
SI-013,False,SI
SI-014,False,SI
SI-015,False,SI
SI-016,False,SI
SI-017,False,SI
SI-018,False,SI
SI-019,False,SI
SI-020,False,SI
SI-021,False,SI
SI-022,False,SI
SI-023,False,SI
SI-024,False,SI
SI-025,False,SI
SI-026,False,SI
SI-027,False,SI
SI-028,False,SI
SI-029,False,SI
SI-030,False,SI
SI-031,False,SI
SI-032,False,SI
SI-033,False,SI
SI-034,False,SI
SI-035,False,SI
SI-036,False,SI
SI-037,False,SI
SI-038,False,SI
SI-039,False,SI
SI-040,False,SI
SI-041,False,SI
SI-042,False,SI
SI-043,False,SI
SI-044,False,SI
SI-045,False,SI
SI-046,False,SI
SI-047,False,SI
SI-048,False,SI
SI-049,False,SI
SI-050,False,SI
SI-051,False,SI
SI-052,False,SI
SI-053,False,SI
SI-054,False,SI
SI-055,False,SI
SI-056,False,SI
SI-057,False,SI
SI-058,False,SI
SI-059,False,SI
SI-060,False,SI
SI-061,False,SI
SI-062,False,SI
SI-063,False,SI
SI-064,False,SI
SI-065,False,SI
SI-066,False,SI
SI-067,False,SI
SI-068,False,SI
SI-069,False,SI
SI-070,False,SI
SI-071,False,SI
SI-072,False,SI
SI-073,False,SI
SI-074,False,SI
SI-075,False,SI
SI-076,False,SI
SI-077,False,SI
SI-078,False,SI
SI-079,False,SI
SI-080,False,SI
SI-081,False,SI
SI-082,False,SI
SI-083,False,SI
SI-084,False,SI
SI-085,False,SI
SI-086,False,SI
SI-087,False,SI
SI-088,False,SI
SI-089,False,SI
SI-090,False,SI
SI-091,False,SI
SI-092,False,SI
SI-093,False,SI
SI-094,False,SI
SI-095,False,SI
SI-096,False,SI
SI-097,False,SI
SI-098,False,SI
SI-099,False,SI
SI-100,False,SI
SI-101,False,SI
SI-102,False,SI
SI-103,False,SI
SI-104,False,SI
SI-105,False,SI
SI-106,False,SI
SI-107,False,SI
SI-108,False,SI
SI-109,False,SI
SI-110,False,SI
SI-111,False,SI
SI-112,False,SI
SI-113,False,SI
SI-114,False,SI
SI-115,False,SI
SI-116,False,SI
SI-117,False,SI
SI-118,False,SI
SI-119,False,SI
SI-120,False,SI
SI-121,False,SI
SI-122,False,SI
SI-123,False,SI
SI-124,False,SI
SI-125,False,SI
SI-126,False,SI
SI-127,False,SI
SI-128,False,SI
SI-129,False,SI
SI-130,False,SI
SI-131,False,SI
SI-132,False,SI
SI-133,False,SI
SI-134,False,SI
SI-135,False,SI
SI-136,False,SI
SI-137,False,SI
SI-138,False,SI
SI-139,False,SI
SI-140,False,SI
SI-141,False,SI
SI-142,False,SI
SI-143,False,SI
SI-144,False,SI
SI-146,False,SI
SI-147,False,SI
SI-148,False,SI
SI-149,False,SI
SI-150,False,SI
SI-151,False,SI
SI-152,False,SI
SI-153,False,SI
SI-154,False,SI
SI-155,False,SI
SI-156,False,SI
SI-157,False,SI
SI-158,False,SI
SI-159,False,SI
SI-160,False,SI
SI-161,False,SI
SI-162,False,SI
SI-163,False,SI
SI-164,False,SI
SI-165,False,SI
SI-166,False,SI
SI-167,False,SI
SI-168,False,SI
SI-169,False,SI
SI-170,False,SI
SI-171,False,SI
SI-172,False,SI
SI-173,False,SI
SI-174,False,SI
SI-175,False,SI
SI-176,False,SI
SI-177,False,SI
SI-178,False,SI
SI-179,False,SI
SI-180,False,SI
SI-181,False,SI
SI-182,False,SI
SI-183,False,SI
SI-184,False,SI
SI-185,False,SI
SI-186,False,SI
SI-187,False,SI
SI-188,False,SI
SI-189,False,SI
SI-190,False,SI
SI-191,False,SI
SI-192,False,SI
SI-193,False,SI
SI-194,False,SI
SI-195,False,SI
SI-196,False,SI
SI-197,False,SI
SI-198,False,SI
SI-199,False,SI
SI-200,False,SI
SI-201,False,SI
SI-202,False,SI
SI-203,False,SI
SI-204,False,SI
SI-205,False,SI
SI-206,False,SI
SI-207,False,SI
SI-208,False,SI
SI-209,False,SI
SI-210,False,SI
SI-211,False,SI
SI-212,False,SI
SI-213,False,SI
SK-BC,False,SK
SK-BL,False,SK
SK-KI,False,SK
SK-NI,False,SK
SK-PV,False,SK
SK-TA,False,SK
SK-TC,False,SK
SK-ZI,False,SK
SL-E,False,SL
SL-N,False,SL
SL-NW,False,SL
SL-S,False,SL
SL-W,False,SL
SM-01,False,SM
SM-02,False,SM
SM-03,False,SM
SM-04,False,SM
SM-05,False,SM
SM-06,False,SM
SM-07,False,SM
SM-08,False,SM
SM-09,False,SM
SN-DB,False,SN
SN-DK,False,SN
SN-FK,False,SN
SN-KA,False,SN
SN-KD,False,SN
SN-KE,False,SN
SN-KL,False,SN
SN-LG,False,SN
SN-MT,False,SN
SN-SE,False,SN
SN-SL,False,SN
SN-TC,False,SN
SN-TH,False,SN
SN-ZG,False,SN
SO,False,SO
SO-AW,False,SO
SO-BK,False,SO
SO-BN,False,SO
SO-BR,False,SO
SO-BY,False,SO
SO-GA,False,SO
SO-GE,False,SO
SO-HI,False,SO
SO-JD,False,SO
SO-JH,False,SO
SO-MU,False,SO
SO-NU,False,SO
SO-SA,False,SO
SO-SD,False,SO
SO-SH,False,SO
SO-SO,False,SO
SO-TO,False,SO
SO-WO,False,SO
SR-BR,False,SR
SR-CM,False,SR
SR-CR,False,SR
SR-MA,False,SR
SR-NI,False,SR
SR-PM,False,SR
SR-PR,False,SR
SR-SA,False,SR
SR-SI,False,SR
SR-WA,False,SR
SS,False,SS
SS-BN,False,SS
SS-BW,False,SS
SS-EC,False,SS
SS-EE,False,SS
SS-EW,False,SS
SS-JG,False,SS
SS-LK,False,SS
SS-NU,False,SS
SS-UY,False,SS
SS-WR,False,SS
ST-01,False,ST
ST-02,False,ST
ST-03,False,ST
ST-04,False,ST
ST-05,False,ST
ST-06,False,ST
ST-P,False,ST
SV-AH,False,SV
SV-CA,False,SV
SV-CH,False,SV
SV-CU,False,SV
SV-LI,False,SV
SV-MO,False,SV
SV-PA,False,SV
SV-SA,False,SV
SV-SM,False,SV
SV-SO,False,SV
SV-SS,False,SV
SV-SV,False,SV
SV-UN,False,SV
SV-US,False,SV
SY,False,SY
SY-DI,False,SY
SY-DR,False,SY
SY-DY,False,SY
SY-HA,False,SY
SY-HI,False,SY
SY-HL,False,SY
SY-HM,False,SY
SY-ID,False,SY
SY-LA,False,SY
SY-QU,False,SY
SY-RA,False,SY
SY-RD,False,SY
SY-SU,False,SY
SY-TA,False,SY
SZ-HH,False,SZ
SZ-LU,False,SZ
SZ-MA,False,SZ
SZ-SH,False,SZ
TD,True,TD
TD-BA,False,TD
TD-BG,False,TD
TD-BO,False,TD
TD-CB,False,TD
TD-EE,False,TD
TD-EO,False,TD
TD-GR,False,TD
TD-HL,False,TD
TD-KA,False,TD
TD-LC,False,TD
TD-LO,False,TD
TD-LR,False,TD
TD-MA,False,TD
TD-MC,False,TD
TD-ME,False,TD
TD-MO,False,TD
TD-ND,False,TD
TD-OD,False,TD
TD-SA,False,TD
TD-SI,False,TD
TD-TA,False,TD
TD-TI,False,TD
TD-WF,False,TD
TG,True,TG
TG-C,False,TG
TG-K,False,TG
TG-M,False,TG
TG-P,False,TG
TG-S,False,TG
TH,False,TH
TH-10,False,TH
TH-11,False,TH
TH-12,False,TH
TH-13,False,TH
TH-14,False,TH
TH-15,False,TH
TH-16,False,TH
TH-17,False,TH
TH-18,False,TH
TH-19,False,TH
TH-20,False,TH
TH-21,False,TH
TH-22,False,TH
TH-23,False,TH
TH-24,False,TH
TH-25,False,TH
TH-26,False,TH
TH-27,False,TH
TH-30,False,TH
TH-31,False,TH
TH-32,False,TH
TH-33,False,TH
TH-34,False,TH
TH-35,False,TH
TH-36,False,TH
TH-37,False,TH
TH-38,False,TH
TH-39,False,TH
TH-40,False,TH
TH-41,False,TH
TH-42,False,TH
TH-43,False,TH
TH-44,False,TH
TH-45,False,TH
TH-46,False,TH
TH-47,False,TH
TH-48,False,TH
TH-49,False,TH
TH-50,False,TH
TH-51,False,TH
TH-52,False,TH
TH-53,False,TH
TH-54,False,TH
TH-55,False,TH
TH-56,False,TH
TH-57,False,TH
TH-58,False,TH
TH-60,False,TH
TH-61,False,TH
TH-62,False,TH
TH-63,False,TH
TH-64,False,TH
TH-65,False,TH
TH-66,False,TH
TH-67,False,TH
TH-70,False,TH
TH-71,False,TH
TH-72,False,TH
TH-73,False,TH
TH-74,False,TH
TH-75,False,TH
TH-76,False,TH
TH-77,False,TH
TH-80,False,TH
TH-81,False,TH
TH-82,False,TH
TH-83,False,TH
TH-84,False,TH
TH-85,False,TH
TH-86,False,TH
TH-90,False,TH
TH-91,False,TH
TH-92,False,TH
TH-93,False,TH
TH-94,False,TH
TH-95,False,TH
TH-96,False,TH
TH-S,False,TH
TJ-DU,False,TJ
TJ-GB,False,TJ
TJ-KT,False,TJ
TJ-RA,False,TJ
TJ-SU,False,TJ
TL-AL,False,TL
TL-AN,False,TL
TL-BA,False,TL
TL-BO,False,TL
TL-CO,False,TL
TL-DI,False,TL
TL-ER,False,TL
TL-LA,False,TL
TL-LI,False,TL
TL-MF,False,TL
TL-MT,False,TL
TL-OE,False,TL
TL-VI,False,TL
TM,False,TM
TM-A,False,TM
TM-B,False,TM
TM-D,False,TM
TM-L,False,TM
TM-M,False,TM
TM-S,False,TM
TN,False,TN
TN-11,False,TN
TN-12,False,TN
TN-13,False,TN
TN-14,False,TN
TN-21,False,TN
TN-22,False,TN
TN-23,False,TN
TN-31,False,TN
TN-32,False,TN
TN-33,False,TN
TN-34,False,TN
TN-41,False,TN
TN-42,False,TN
TN-43,False,TN
TN-51,False,TN
TN-52,False,TN
TN-53,False,TN
TN-61,False,TN
TN-71,False,TN
TN-72,False,TN
TN-73,False,TN
TN-81,False,TN
TN-82,False,TN
TN-83,False,TN
TO,True,TO
TO-01,False,TO
TO-02,False,TO
TO-03,False,TO
TO-04,False,TO
TO-05,False,TO
TR-01,False,TR
TR-02,False,TR
TR-03,False,TR
TR-04,False,TR
TR-05,False,TR
TR-06,False,TR
TR-07,False,TR
TR-08,False,TR
TR-09,False,TR
TR-10,False,TR
TR-11,False,TR
TR-12,False,TR
TR-13,False,TR
TR-14,False,TR
TR-15,False,TR
TR-16,False,TR
TR-17,False,TR
TR-18,False,TR
TR-19,False,TR
TR-20,False,TR
TR-21,False,TR
TR-22,False,TR
TR-23,False,TR
TR-24,False,TR
TR-25,False,TR
TR-26,False,TR
TR-27,False,TR
TR-28,False,TR
TR-29,False,TR
TR-30,False,TR
TR-31,False,TR
TR-32,False,TR
TR-33,False,TR
TR-34,False,TR
TR-35,False,TR
TR-36,False,TR
TR-37,False,TR
TR-38,False,TR
TR-39,False,TR
TR-40,False,TR
TR-41,False,TR
TR-42,False,TR
TR-43,False,TR
TR-44,False,TR
TR-45,False,TR
TR-46,False,TR
TR-47,False,TR
TR-48,False,TR
TR-49,False,TR
TR-50,False,TR
TR-51,False,TR
TR-52,False,TR
TR-53,False,TR
TR-54,False,TR
TR-55,False,TR
TR-56,False,TR
TR-57,False,TR
TR-58,False,TR
TR-59,False,TR
TR-60,False,TR
TR-61,False,TR
TR-62,False,TR
TR-63,False,TR
TR-64,False,TR
TR-65,False,TR
TR-66,False,TR
TR-67,False,TR
TR-68,False,TR
TR-69,False,TR
TR-70,False,TR
TR-71,False,TR
TR-72,False,TR
TR-73,False,TR
TR-74,False,TR
TR-75,False,TR
TR-76,False,TR
TR-77,False,TR
TR-78,False,TR
TR-79,False,TR
TR-80,False,TR
TR-81,False,TR
TT,False,TT
TT-ARI,False,TT
TT-CHA,False,TT
TT-CTT,False,TT
TT-DMN,False,TT
TT-MRC,False,TT
TT-PED,False,TT
TT-POS,False,TT
TT-PRT,False,TT
TT-PTF,False,TT
TT-SFO,False,TT
TT-SGE,False,TT
TT-SIP,False,TT
TT-SJL,False,TT
TT-TOB,False,TT
TT-TUP,False,TT
TV-FUN,False,TV
TV-NIT,False,TV
TV-NKF,False,TV
TV-NKL,False,TV
TV-NMA,False,TV
TV-NMG,False,TV
TV-NUI,False,TV
TV-VAI,False,TV
TW-CHA,False,TW
TW-CYI,False,TW
TW-CYQ,False,TW
TW-HSQ,False,TW
TW-HSZ,False,TW
TW-HUA,False,TW
TW-ILA,False,TW
TW-KEE,False,TW
TW-KHH,False,TW
TW-KIN,False,TW
TW-LIE,False,TW
TW-MIA,False,TW
TW-NAN,False,TW
TW-NWT,False,TW
TW-PEN,False,TW
TW-PIF,False,TW
TW-TAO,False,TW
TW-TNN,False,TW
TW-TPE,False,TW
TW-TTT,False,TW
TW-TXG,False,TW
TW-YUN,False,TW
TZ,False,TZ
TZ-01,False,TZ
TZ-02,False,TZ
TZ-03,False,TZ
TZ-04,False,TZ
TZ-05,False,TZ
TZ-06,False,TZ
TZ-07,False,TZ
TZ-08,False,TZ
TZ-09,False,TZ
TZ-10,False,TZ
TZ-11,False,TZ
TZ-12,False,TZ
TZ-13,False,TZ
TZ-14,False,TZ
TZ-15,False,TZ
TZ-16,False,TZ
TZ-17,False,TZ
TZ-18,False,TZ
TZ-19,False,TZ
TZ-20,False,TZ
TZ-21,False,TZ
TZ-22,False,TZ
TZ-23,False,TZ
TZ-24,False,TZ
TZ-25,False,TZ
TZ-26,False,TZ
TZ-27,False,TZ
TZ-28,False,TZ
TZ-29,False,TZ
TZ-30,False,TZ
TZ-31,False,TZ
UA-05,False,UA
UA-07,False,UA
UA-09,False,UA
UA-12,False,UA
UA-14,False,UA
UA-18,False,UA
UA-21,False,UA
UA-23,False,UA
UA-26,False,UA
UA-30,False,UA
UA-32,False,UA
UA-35,False,UA
UA-40,False,UA
UA-43,False,UA
UA-46,False,UA
UA-48,False,UA
UA-51,False,UA
UA-53,False,UA
UA-56,False,UA
UA-59,False,UA
UA-61,False,UA
UA-63,False,UA
UA-65,False,UA
UA-68,False,UA
UA-71,False,UA
UA-74,False,UA
UA-77,False,UA
UG,False,UG
UG-C,False,UG
UG-E,False,UG
UG-N,False,UG
UG-W,False,UG
UM-67,False,UM
UM-71,False,UM
UM-76,False,UM
UM-79,False,UM
UM-81,False,UM
UM-84,False,UM
UM-86,False,UM
UM-89,False,UM
UM-95,False,UM
US-AK,False,US
US-AL,False,US
US-AR,False,US
US-AS,False,US
US-AZ,False,US
US-CA,True,US
US-CO,True,US
US-CT,True,US
US-DC,False,US
US-DE,True,US
US-FL,False,US
US-GA,True,US
US-GU,False,US
US-HI,True,US
US-IA,False,US
US-ID,False,US
US-IL,True,US
US-IN,False,US
US-KS,False,US
US-KY,False,US
US-LA,True,US
US-MA,True,US
US-MD,False,US
US-ME,True,US
US-MI,True,US
US-MN,False,US
US-MO,False,US
US-MP,False,US
US-MS,False,US
US-MT,False,US
US-NC,True,US
US-ND,False,US
US-NE,False,US
US-NH,False,US
US-NJ,True,US
US-NM,True,US
US-NV,True,US
US-NY,True,US
US-OH,False,US
US-OK,False,US
US-OR,False,US
US-PA,False,US
US-PR,False,US
US-RI,False,US
US-SC,False,US
US-SD,False,US
US-TN,False,US
US-TX,False,US
US-UM,False,US
US-UT,False,US
US-VA,False,US
US-VI,False,US
US-VT,True,US
US-WA,True,US
US-WI,False,US
US-WV,False,US
US-WY,False,US
UY,False,UY
UY-AR,False,UY
UY-CA,False,UY
UY-CL,False,UY
UY-CO,False,UY
UY-DU,False,UY
UY-FD,False,UY
UY-FS,False,UY
UY-LA,False,UY
UY-MA,False,UY
UY-MO,False,UY
UY-PA,False,UY
UY-RN,False,UY
UY-RO,False,UY
UY-RV,False,UY
UY-SA,False,UY
UY-SJ,False,UY
UY-SO,False,UY
UY-TA,False,UY
UY-TT,False,UY
UZ,False,UZ
UZ-AN,False,UZ
UZ-BU,False,UZ
UZ-FA,False,UZ
UZ-JI,False,UZ
UZ-NG,False,UZ
UZ-NW,False,UZ
UZ-QA,False,UZ
UZ-QR,False,UZ
UZ-SA,False,UZ
UZ-SI,False,UZ
UZ-SU,False,UZ
UZ-TK,False,UZ
UZ-TO,False,UZ
UZ-XO,False,UZ
VC,False,VC
VC-01,False,VC
VC-02,False,VC
VC-03,False,VC
VC-04,False,VC
VC-05,False,VC
VC-06,False,VC
VE,False,VE
VE-A,False,VE
VE-B,False,VE
VE-C,False,VE
VE-D,False,VE
VE-E,False,VE
VE-F,False,VE
VE-G,False,VE
VE-H,False,VE
VE-I,False,VE
VE-J,False,VE
VE-K,False,VE
VE-L,False,VE
VE-M,False,VE
VE-N,False,VE
VE-O,False,VE
VE-P,False,VE
VE-R,False,VE
VE-S,False,VE
VE-T,False,VE
VE-U,False,VE
VE-V,False,VE
VE-W,False,VE
VE-X,False,VE
VE-Y,False,VE
VE-Z,False,VE
VN,False,VN
VN-01,False,VN
VN-02,False,VN
VN-03,False,VN
VN-04,False,VN
VN-05,False,VN
VN-06,False,VN
VN-07,False,VN
VN-09,False,VN
VN-13,False,VN
VN-14,False,VN
VN-18,False,VN
VN-20,False,VN
VN-21,False,VN
VN-22,False,VN
VN-23,False,VN
VN-24,False,VN
VN-25,False,VN
VN-26,False,VN
VN-27,False,VN
VN-28,False,VN
VN-29,False,VN
VN-30,False,VN
VN-31,False,VN
VN-32,False,VN
VN-33,False,VN
VN-34,False,VN
VN-35,False,VN
VN-36,False,VN
VN-37,False,VN
VN-39,False,VN
VN-40,False,VN
VN-41,False,VN
VN-43,False,VN
VN-44,False,VN
VN-45,False,VN
VN-46,False,VN
VN-47,False,VN
VN-49,False,VN
VN-50,False,VN
VN-51,False,VN
VN-52,False,VN
VN-53,False,VN
VN-54,False,VN
VN-55,False,VN
VN-56,False,VN
VN-57,False,VN
VN-58,False,VN
VN-59,False,VN
VN-61,False,VN
VN-63,False,VN
VN-66,False,VN
VN-67,False,VN
VN-68,False,VN
VN-69,False,VN
VN-70,False,VN
VN-71,False,VN
VN-72,False,VN
VN-73,False,VN
VN-CT,False,VN
VN-DN,False,VN
VN-HN,False,VN
VN-HP,False,VN
VN-SG,False,VN
VU-MAP,False,VU
VU-PAM,False,VU
VU-SAM,False,VU
VU-SEE,False,VU
VU-TAE,False,VU
VU-TOB,False,VU
WF,False,WF
WF-AL,False,WF
WF-SG,False,WF
WF-UV,False,WF
WS,True,WS
WS-AA,False,WS
WS-AL,False,WS
WS-AT,False,WS
WS-FA,False,WS
WS-GE,False,WS
WS-GI,False,WS
WS-PA,False,WS
WS-SA,False,WS
WS-TU,False,WS
WS-VF,False,WS
WS-VS,False,WS
YE,True,YE
YE-AB,False,YE
YE-AD,False,YE
YE-AM,False,YE
YE-BA,False,YE
YE-DA,False,YE
YE-DH,False,YE
YE-HD,False,YE
YE-HJ,False,YE
YE-HU,False,YE
YE-IB,False,YE
YE-JA,False,YE
YE-LA,False,YE
YE-MA,False,YE
YE-MR,False,YE
YE-MW,False,YE
YE-RA,False,YE
YE-SA,False,YE
YE-SD,False,YE
YE-SH,False,YE
YE-SN,False,YE
YE-SU,False,YE
YE-TA,False,YE
ZA-EC,False,ZA
ZA-FS,False,ZA
ZA-GP,True,ZA
ZA-KZN,True,ZA
ZA-LP,False,ZA
ZA-MP,False,ZA
ZA-NC,False,ZA
ZA-NW,False,ZA
ZA-WC,False,ZA
ZM,False,ZM
ZM-01,False,ZM
ZM-02,False,ZM
ZM-03,False,ZM
ZM-04,False,ZM
ZM-05,False,ZM
ZM-06,False,ZM
ZM-07,False,ZM
ZM-08,False,ZM
ZM-09,False,ZM
ZM-10,False,ZM
ZW-BU,False,ZW
ZW-HA,False,ZW
ZW-MA,False,ZW
ZW-MC,False,ZW
ZW-ME,False,ZW
ZW-MI,False,ZW
ZW-MN,False,ZW
ZW-MS,False,ZW
ZW-MV,False,ZW
ZW-MW,False,ZW
